id,sheet,role,base,img_w,img_h,top,head_h,ratio,clip,base_like
aragorn,lotr-tokens-v1.png,hero,L,285,361,4,,,False,False
gandalf,lotr-tokens-v1.png,hero,L,296,351,2,,,False,False
warrior_minas_tirith,lotr-tokens-v1.png,infantry,M,283,351,4,,,False,False
witchking_foot,lotr-tokens-v1.png,hero,L,238,359,7,,,True,False
orc_sword,lotr-tokens-v1.png,infantry,S,290,353,8,,,False,False
glorfindel_foot,glorfindel-topdown-v2.png,hero,L,255,359,0,,,True,False
glorfindel_mounted,glorfindel-topdown-v2.png,hero,XL,349,492,1,,,True,False
witchking_mounted,witchking-mounted-topdown-v1.png,hero,XL,338,490,32,,,True,False
witchking_foot_mace,roster-enemy-heroes-v1.png,hero,L,260,359,10,,,True,False
nazgul_sword,roster-enemy-heroes-v1.png,hero,L,233,359,6,,,True,False
saruman,roster-enemy-heroes-v1.png,hero,L,235,361,0,,,False,False
orc_shaman,roster-enemy-heroes-v1.png,support,S,233,318,0,,,False,False
orc_captain,roster-enemy-heroes-v1.png,hero,M,268,351,0,,,False,False
orc_spearman,roster-enemy-troops-v1.png,infantry,S,233,352,7,,,False,False
orc_archer,roster-enemy-troops-v1.png,infantry,S,290,353,7,,,False,False
uruk_swordshield,roster-enemy-troops-v1.png,infantry,M,366,355,11,,,False,False
morannon_orc,roster-enemy-troops-v1.png,infantry,M,229,351,0,,,False,False
haradrim_spearman,roster-enemy-troops-v1.png,infantry,M,237,351,0,,,False,False
legolas,roster-free-heroes-v1.png,hero,M,299,351,5,,,False,False
gimli,roster-free-heroes-v1.png,hero,M,276,316,0,,,False,False
boromir,roster-free-heroes-v1.png,hero,L,326,361,20,,,False,False
eowyn,roster-free-heroes-v1.png,hero,M,338,351,0,,,False,False
frodo,roster-free-heroes-v1.png,hero,S,305,303,1,,,False,False
elrond,roster-free-heroes-v1.png,hero,L,335,361,0,,,False,False
gondor_archer,roster-free-troops-v1.png,infantry,M,292,351,2,,,False,False
elf_swordsman,roster-free-troops-v1.png,infantry,M,266,351,0,,,False,False
dwarf_guardian,roster-free-troops-v1.png,infantry,M,369,318,5,,,False,False
rohan_royal_guard,roster-free-troops-v1.png,infantry,M,268,348,22,,,True,False
ithilien_ranger,roster-free-troops-v1.png,infantry,M,268,355,0,,,False,False
barrow_wight,roster-monsters-v1.png,hero,M,270,351,0,,,False,False
moria_goblin,roster-monsters-v1.png,infantry,S,291,316,0,,,False,False
uruk_berserker,roster-monsters-v1.png,infantry,M,288,351,0,,,False,False
nazgul_sword_2,roster-sauron-nazgul-v1.png,hero,L,266,359,5,,,True,False
nazgul_mace,roster-sauron-nazgul-v1.png,hero,L,292,359,4,,,True,False
nazgul_mounted,roster-sauron-nazgul-v1.png,hero,XL,296,490,6,,,True,False
dwimmerlaik,roster-sauron-nazgul-v1.png,hero,L,397,359,8,,,True,False
witchking_spear,roster-sauron-nazgul-v1.png,hero,L,307,359,32,,,True,False
mt_swordshield,roster-minastirith-variants-v1.png,infantry,M,294,351,1,,,False,False
mt_spear,roster-minastirith-variants-v1.png,infantry,M,231,351,6,,,True,False
mt_spearshield,roster-minastirith-variants-v1.png,infantry,M,286,351,19,,,True,False
mt_bowman,roster-minastirith-variants-v1.png,infantry,M,399,351,1,,,False,False
mt_captain,roster-minastirith-variants-v1.png,hero,M,310,350,0,,,False,False
mt_fountain_guard,roster-minastirith-variants-v1.png,infantry,M,278,351,0,,,False,False
orc_sword2,roster-orc-variants-v1.png,infantry,S,340,351,0,,,False,False
orc_swordshield,roster-orc-variants-v1.png,infantry,S,373,351,1,,,False,False
orc_spear2,roster-orc-variants-v1.png,infantry,S,224,353,4,,,False,False
orc_twohanded,roster-orc-variants-v1.png,infantry,S,368,352,0,,,False,False
orc_bow,roster-orc-variants-v1.png,infantry,S,313,353,0,,,False,False
orc_drummer,roster-orc-variants-v1.png,support,S,308,352,2,,,False,False
dwarf_axeshield,roster-dwarf-variants-v1.png,infantry,M,332,317,4,,,True,False
dwarf_2haxe,roster-dwarf-variants-v1.png,infantry,M,420,318,1,,,False,False
dwarf_ranger,roster-dwarf-variants-v1.png,infantry,M,295,316,5,,,False,False
khazad_guard,roster-dwarf-variants-v1.png,infantry,M,262,318,0,,,False,False
iron_guard,roster-dwarf-variants-v1.png,infantry,M,303,317,4,,,False,False
dwarf_banner,roster-dwarf-variants-v1.png,support,M,265,317,7,,,False,False
elf_swordshield,roster-elf-variants-v1.png,infantry,M,299,351,1,,,False,False
elf_spear,roster-elf-variants-v1.png,infantry,M,277,349,5,,,True,False
elf_bow,roster-elf-variants-v1.png,infantry,M,316,351,4,,,False,False
elf_glaive,roster-elf-variants-v1.png,infantry,M,276,349,0,,,True,False
galadhrim_warrior,roster-elf-variants-v1.png,infantry,M,259,351,0,,,False,False
uruk_swordshield2,roster-uruk-variants-v1.png,infantry,M,402,351,0,,,False,False
uruk_pike,roster-uruk-variants-v1.png,infantry,M,228,351,5,80,4.3,False,False
uruk_crossbow,roster-uruk-variants-v1.png,infantry,M,300,341,0,,,False,False
uruk_scout,roster-uruk-variants-v1.png,infantry,M,319,351,0,,,False,False
uruk_berserker2,roster-uruk-variants-v1.png,infantry,M,200,351,0,,,False,False
uruk_banner,roster-uruk-variants-v1.png,support,M,288,351,14,112,3.0,False,False
haradrim_spear,roster-haradrim-easterling-v1.png,infantry,M,225,351,2,,,False,False
haradrim_bow,roster-haradrim-easterling-v1.png,infantry,M,310,351,7,,,False,False
haradrim_priest,roster-haradrim-easterling-v1.png,support,M,255,351,15,,,False,False
easterling_phalanx,roster-haradrim-easterling-v1.png,infantry,M,251,351,4,132,2.6,False,False
easterling_swordshield,roster-haradrim-easterling-v1.png,infantry,M,309,350,7,,,True,False
osgiliath_veteran,roster-gondor-exp-v1.png,infantry,M,276,351,1,,,False,False
lossarnach_axeman,roster-gondor-exp-v1.png,infantry,M,212,351,0,,,False,False
citadel_guard,roster-gondor-exp-v1.png,infantry,M,227,349,7,,,True,False
pelennor_militia,roster-gondor-exp-v1.png,infantry,M,228,349,12,,,True,False
rohan_swordshield,roster-rohan-exp-v1.png,infantry,M,360,349,6,,,True,False
rohan_spear,roster-rohan-exp-v1.png,infantry,M,304,349,22,,,True,False
rohan_archer,roster-rohan-exp-v1.png,infantry,M,346,349,11,,,True,False
eomer,roster-rohan-exp-v1.png,hero,XL,335,489,4,,,True,False
rohan_banner,roster-rohan-exp-v1.png,support,M,242,349,15,,,True,False
black_numenorean,roster-mordor-elite-v1.png,infantry,M,297,350,4,,,True,False
orc_tracker,roster-mordor-elite-v1.png,infantry,S,320,353,2,,,False,False
black_guard,roster-mordor-elite-v1.png,infantry,M,194,351,16,,,False,False
orc_taskmaster,roster-mordor-elite-v1.png,support,M,249,351,12,,,False,False
goblin_spear,roster-goblin-v1.png,infantry,S,300,314,0,,,True,False
goblin_shield,roster-goblin-v1.png,infantry,S,323,314,0,,,True,False
goblin_bow,roster-goblin-v1.png,infantry,S,252,316,2,,,False,False
goblin_prowler,roster-goblin-v1.png,infantry,S,302,318,0,,,False,False
goblin_shaman,roster-goblin-v1.png,support,S,286,318,1,,,False,False
dunlending_warrior,roster-isengard-exp-v1.png,infantry,M,314,351,11,,,False,False
dunlending_huscarl,roster-isengard-exp-v1.png,infantry,M,246,351,4,,,False,False
uruk_sapper,roster-isengard-exp-v1.png,infantry,M,381,351,17,,,False,False
uruk_scout_archer,roster-isengard-exp-v1.png,infantry,M,263,351,4,,,False,False
crebain_swarm,roster-isengard-exp-v1.png,support,M,345,351,2,,,False,False
hobbit_shirriff,roster-free-special-v1.png,infantry,S,252,299,5,,,True,False
hobbit_bounder,roster-free-special-v1.png,infantry,S,254,299,6,,,True,False
beorning,roster-free-special-v1.png,hero,L,283,361,0,,,False,False
ranger_north,roster-free-special-v1.png,infantry,M,280,351,0,,,False,False
theoden,roster-free-heroes-exp-v1.png,hero,XL,194,489,15,169,2.8,True,False
faramir,roster-free-heroes-exp-v1.png,hero,M,338,351,0,,,False,False
haldir,roster-free-heroes-exp-v1.png,hero,M,294,351,0,,,False,False
galadriel,roster-free-heroes-exp-v1.png,hero,M,295,351,0,,,False,False
gamling,roster-free-heroes-exp-v1.png,hero,M,295,351,1,,,False,False
samwise,roster-free-heroes-exp-v1.png,hero,S,264,303,1,,,False,False
mouth_of_sauron,roster-evil-heroes-exp-v1.png,hero,XL,262,350,0,,,True,False
gothmog,roster-evil-heroes-exp-v1.png,hero,L,322,361,1,,,False,False
lurtz,roster-evil-heroes-exp-v1.png,hero,M,330,351,4,,,False,False
grima,roster-evil-heroes-exp-v1.png,hero,M,316,351,0,,,False,False
khamul,roster-evil-heroes-exp-v1.png,hero,L,212,359,5,,,True,False
fingolfin,roster-legends-good-v1.png,hero,L,290,350,0,,,True,False
imrahil,roster-legends-good-v1.png,hero,M,276,351,1,,,False,False
merry,roster-legends-good-v1.png,hero,S,263,302,1,,,False,False
pippin,roster-legends-good-v1.png,hero,S,251,302,1,,,False,False
beorn,roster-legends-good-v1.png,hero,L,275,361,2,,,False,False
elendil,roster-legends-good-v1.png,hero,L,271,361,0,,,False,False
bolg,roster-legends-evil-v1.png,hero,L,311,360,12,,,True,False
easterling_warlord,roster-legends-evil-v1.png,hero,,245,351,3,,,False,False
radagast,roster-legends-good-v2.png,hero,M,324,351,5,,,False,False
thranduil,roster-legends-good-v2.png,hero,L,340,361,1,,,False,False
celeborn,roster-legends-good-v2.png,hero,M,287,351,4,,,False,False
bilbo,roster-legends-good-v2.png,hero,S,320,303,2,,,False,False
king_of_the_dead,roster-legends-good-v2.png,hero,L,286,361,13,,,False,False
dead_soldier,roster-legends-good-v2.png,infantry,M,268,351,5,,,False,False
harad_chieftain,roster-legends-evil-v2.png,hero,,304,351,0,,,False,False
uruk_captain,roster-legends-evil-v2.png,hero,L,335,361,1,,,False,False
feanor,roster-silmarillion-good-v1.png,hero,L,360,361,13,,,False,False
luthien,roster-silmarillion-good-v1.png,hero,M,338,351,0,,,False,False
beren,roster-silmarillion-good-v1.png,hero,M,369,352,0,,,False,False
turin,roster-silmarillion-good-v1.png,hero,L,329,361,13,,,False,False
beleg,roster-silmarillion-good-v1.png,hero,M,336,351,3,,,False,False
boldog,roster-silmarillion-evil-v1.png,hero,L,286,361,5,,,False,False
thorin,roster-hobbit-good-v1.png,hero,L,364,318,1,,,False,False
tauriel,roster-hobbit-good-v1.png,hero,M,359,351,0,,,False,False
bard,roster-hobbit-good-v1.png,hero,M,413,351,1,,,False,False
dain,roster-hobbit-good-v1.png,hero,L,372,317,0,,,False,False
fili,roster-hobbit-good-v1.png,hero,M,380,315,0,,,False,False
kili,roster-hobbit-good-v1.png,hero,M,345,316,6,,,False,False
azog,roster-hobbit-evil-v1.png,hero,XL,348,490,2,,,True,False
azog_foot,roster-hobbit-evil-v1.png,hero,L,326,359,2,,,True,False
necromancer,roster-hobbit-evil-v1.png,hero,L,328,361,4,,,False,False
hunter_orc,roster-hobbit-evil-v1.png,infantry,,256,351,4,,,False,False
gundabad_orc,roster-hobbit-evil-v1.png,infantry,,351,351,1,,,False,False
goblin_mercenary,roster-hobbit-evil-v1.png,infantry,,286,318,3,,,False,False
halbarad,roster-exp-good-v1.png,hero,L,278,349,0,,,True,False
beregond,roster-exp-good-v1.png,hero,M,305,351,5,,,False,False
elladan,roster-exp-good-v1.png,hero,M,272,350,0,,,False,False
elrohir,roster-exp-good-v1.png,hero,M,258,349,5,,,True,False
grimbeorn,roster-exp-good-v1.png,hero,L,303,361,0,,,False,False
ghan_buri_ghan,roster-exp-good-v1.png,infantry,S,223,352,0,,,False,False
suladan,roster-exp-evil-v1.png,hero,L,275,360,0,,,True,False
corsair_umbra,roster-exp-evil-v1.png,infantry,,321,343,0,,,False,False
shagrat,roster-exp-evil-v1.png,hero,L,374,361,15,,,False,False
gorbag,roster-exp-evil-v1.png,hero,,360,351,0,,,False,False
balin,roster-hobbit-company-v1.png,hero,M,294,317,0,,,False,False
dwalin,roster-hobbit-company-v1.png,hero,M,383,317,3,,,False,False
gloin,roster-hobbit-company-v1.png,infantry,M,380,317,0,,,False,False
oin,roster-hobbit-company-v1.png,infantry,M,288,317,6,,,False,False
nori,roster-hobbit-company-v1.png,infantry,M,339,315,0,,,False,False
ori,roster-hobbit-company-v1.png,infantry,M,316,316,1,,,False,False
dori,roster-hobbit-exp-v1.png,infantry,M,339,316,0,,,False,False
bifur,roster-hobbit-exp-v1.png,infantry,M,253,317,4,,,False,False
bofur,roster-hobbit-exp-v1.png,infantry,M,356,318,1,,,False,False
bombur,roster-hobbit-exp-v1.png,infantry,M,295,316,0,,,False,False
gil_galad,roster-elf-exp-v1.png,hero,L,274,353,12,,,False,False
cirdan,roster-elf-exp-v1.png,hero,L,296,351,6,,,False,False
arwen,roster-elf-exp-v1.png,hero,M,298,351,0,,,False,False
lindir,roster-elf-exp-v1.png,hero,M,277,351,0,,,False,False
erestor,roster-elf-exp-v1.png,hero,M,278,351,1,,,False,False
elf_seer,roster-elf-exp-v1.png,support,M,292,351,10,,,False,False
rumil,roster-elf-exp-v2.png,hero,M,285,348,0,,,True,False
orophin,roster-elf-exp-v2.png,hero,M,271,348,11,,,True,False
mirkwood_sentinel,roster-elf-exp-v2.png,infantry,M,272,350,13,,,True,False
noldor_warrior,roster-elf-exp-v2.png,infantry,L,316,360,1,,,True,False
silvan_archer,roster-elf-exp-v2.png,infantry,M,303,350,4,,,True,False
imrahil_mounted,roster-mounted-heroes-v1.png,hero,XL,230,494,3,,,False,False
gandalf_mounted,roster-mounted-heroes-v1.png,hero,XL,291,492,1,,,True,False
thranduil_mounted,roster-mounted-heroes-v1.png,hero,XL,303,494,1,,,False,False
aragorn_mounted,roster-mounted-heroes-v1.png,hero,XL,249,494,0,,,False,False
blackroot_archer,roster-mounted-heroes-v1.png,infantry,M,286,350,3,,,True,False
muzgur,roster-mordor-monsters-v1.png,hero,,284,356,0,,,False,False
mahud_chieftain,roster-mordor-monsters-v1.png,hero,L,213,361,2,,,False,False
eowyn_mounted,roster-west-heroes-v1.png,hero,XL,279,489,22,,,True,False
forlong,roster-west-heroes-v1.png,hero,L,242,361,1,,,False,False
erkenbrand,roster-west-heroes-v1.png,hero,L,275,359,4,,,True,False
damrod,roster-west-heroes-v1.png,hero,M,222,351,2,,,False,False
mablung,roster-west-heroes-v1.png,hero,M,203,351,0,,,False,False
duinhir,roster-west-heroes-v1.png,hero,M,183,351,0,,,False,False
ugluk,roster-east-monsters-v1.png,hero,L,239,361,8,,,False,False
mauhur,roster-east-monsters-v1.png,hero,,306,351,3,,,False,False
vrasku,roster-east-monsters-v1.png,hero,,290,351,1,,,False,False
dark_marshal,roster-nazgul-nine-v1.png,hero,L,260,361,2,,,False,False
shadow_lord,roster-nazgul-nine-v1.png,hero,L,294,361,1,,,False,False
betrayer,roster-nazgul-nine-v1.png,hero,L,309,361,4,,,False,False
tainted,roster-nazgul-nine-v1.png,hero,L,283,361,1,,,False,False
undying,roster-nazgul-nine-v1.png,hero,L,271,361,0,,,False,False
knight_of_umbar,roster-nazgul-nine-v1.png,hero,L,320,361,4,,,False,False
isildur,roster-good-fill-v1.png,hero,L,319,361,0,,,False,False
gandalf_white,roster-good-fill-v1.png,hero,L,257,359,5,,,True,False
denethor,roster-good-fill-v1.png,hero,M,295,350,8,,,True,False
boromir_mounted,roster-good-fill-v1.png,hero,XL,253,349,16,,,True,False
elrond_mounted,roster-good-fill-v1.png,hero,XL,320,490,3,,,True,False
gandalf_white_mounted,roster-good-fill-v2.png,hero,XL,262,490,4,,,True,False
theoden_foot,roster-good-fill-v2.png,hero,L,236,359,14,,,True,False
faramir_mounted,roster-good-fill-v2.png,hero,XL,391,494,1,,,False,False
eomer_foot,roster-good-fill-v2.png,hero,L,238,361,1,,,False,False
elfhelm,roster-good-fill-v2.png,hero,L,281,361,1,,,False,False
warg_chieftain,roster-warg-riders-v1.png,hero,XL,308,490,8,,,True,False
aragorn_blackgate,single-aragorn-blackgate.png,hero,L,277,358,16,,,True,False
aragorn_blackgate_mounted,single-aragorn-blackgate-mounted.png,hero,XL,247,489,7,,,True,False
anborn,exp-gondor-heroes.png,hero,M,309,350,5,,,True,False
hirluin,exp-gondor-heroes.png,hero,L,336,360,7,,,True,False
madril,exp-gondor-heroes.png,hero,M,292,350,1,,,True,False
irolas,exp-gondor-heroes.png,hero,L,276,360,4,,,True,False
hurin,exp-gondor-heroes.png,hero,L,293,360,6,,,True,False
cirion,exp-gondor-heroes.png,hero,L,319,360,3,,,True,False
theodred,exp-rohan.png,hero,M,317,350,5,,,True,False
hama,exp-rohan.png,hero,M,284,350,12,,,True,False
deorwine,exp-rohan.png,hero,M,303,350,4,,,True,False
grimbold,exp-rohan.png,hero,M,353,350,5,,,True,False
harding,exp-rohan.png,hero,M,313,350,0,,,True,False
arvedui,exp-numenor-arnor.png,hero,L,311,360,3,,,True,False
malbeth,exp-numenor-arnor.png,hero,M,307,350,7,,,True,False
numenorean_captain,exp-numenor-arnor.png,hero,L,280,360,0,,,True,False
numenorean_warrior,exp-numenor-arnor.png,infantry,M,290,350,4,,,True,False
numenorean_spearman,exp-numenor-arnor.png,infantry,M,242,350,4,,,True,False
arnor_warrior,exp-numenor-arnor.png,infantry,M,298,350,4,,,True,False
hasharin,exp-harad.png,hero,M,280,350,5,,,True,False
golden_king,exp-harad.png,hero,L,299,360,9,,,True,False
mahud_beastmaster,exp-harad.png,hero,M,287,350,0,,,True,False
watcher_karna,exp-harad.png,infantry,M,253,350,7,,,True,False
amdur,exp-easterling.png,hero,L,325,360,0,,,True,False
easterling_priest,exp-easterling.png,support,M,283,350,13,,,True,False
easterling_archer,exp-easterling.png,infantry,M,263,350,2,,,True,False
variag_warrior,exp-easterling.png,infantry,M,332,350,8,,,True,False
forsaken,exp-dolguldur.png,hero,L,297,360,22,,,True,False
castellan,exp-dolguldur.png,hero,L,327,360,10,,,True,False
dungeon_keeper,exp-dolguldur.png,hero,L,331,360,0,,,True,False
kardush,exp-dolguldur.png,support,S,313,350,9,,,True,False
morgul_stalker,exp-dolguldur.png,infantry,S,308,350,3,,,True,False
numenorean_marshal,exp-dolguldur.png,hero,L,311,360,9,,,True,False
thrydan,exp-dunland.png,hero,L,357,361,0,,,False,False
gorulf,exp-dunland.png,hero,M,318,351,1,,,False,False
dunlending_berserker,exp-dunland.png,infantry,M,307,350,3,,,True,False
dunlending_shaman,exp-dunland.png,support,M,293,350,0,,,True,False
dunlending_archer,exp-dunland.png,infantry,M,266,350,3,,,True,False
ruffian,exp-dunland.png,infantry,M,277,350,3,,,True,False
paladin_took,exp-misc.png,hero,S,291,300,0,,,True,False
farmer_maggot,exp-misc.png,hero,S,263,300,0,,,True,False
fredegar,exp-misc.png,hero,S,290,300,5,,,True,False
durin_vi,exp-misc.png,hero,M,345,315,0,,,True,False
dead_spearman,exp-misc.png,infantry,M,250,350,0,,,True,False
arathorn,nb-exp-heroes2.png,hero,M,316,350,0,,,True,False
angbor,nb-exp-heroes2.png,hero,M,291,350,14,,,True,False
dunhere,nb-exp-heroes2.png,hero,M,297,350,0,,,True,False
haleth,nb-exp-heroes2.png,hero,M,306,350,0,,,True,False
bandobras,nb-exp-heroes2.png,hero,S,279,300,0,,,True,False
gildor,nb-exp-heroes2.png,hero,M,285,350,5,,,True,False
grishnakh,nb-exp-evil2.png,hero,M,312,350,4,,,True,False
snaga,nb-exp-evil2.png,hero,S,288,321,0,,,True,False
zagdush,nb-exp-evil2.png,hero,M,287,315,6,,,True,False
dalamyr,nb-exp-evil2.png,hero,M,297,350,6,,,True,False
goblin_drummer,nb-exp-evil2.png,support,M,267,315,0,,,True,False
yazneg,nb-exp-evil2.png,hero,M,294,350,5,,,True,False
eorl_the_young,nb-exp-heroes3.png,hero,XL,312,489,22,,,True,False
helm_hammerhand,nb-exp-heroes3.png,hero,L,336,360,10,,,True,False
tom_bombadil,nb-exp-heroes3.png,hero,M,225,300,0,,,True,False
goldberry,nb-exp-heroes3.png,hero,M,183,300,0,,,True,False
dervorin,nb-exp-heroes3.png,hero,M,323,350,0,,,True,False
dol_amroth_man_at_arms,nb-exp-troops2.png,infantry,M,278,350,6,,,True,False
numenorean_archer,nb-exp-troops2.png,infantry,M,290,350,0,,,True,False
vault_warden,nb-exp-troops2.png,infantry,M,299,315,0,,,True,False
palace_guard,nb-exp-troops2.png,infantry,M,270,350,2,,,True,False
hobbit_militia,nb-exp-troops2.png,infantry,S,249,300,0,,,True,False
guritz,nb-exp-evil3.png,hero,M,318,350,6,,,True,False
targsh,nb-exp-evil3.png,hero,M,332,350,5,,,True,False
durburz,nb-exp-evil3.png,hero,M,284,315,1,,,True,False
goblin_scribe,nb-exp-evil3.png,support,S,255,315,5,,,True,False
fimbul,nb-exp-evil3.png,hero,M,276,350,4,,,True,False
narzug,nb-exp-evil3.png,hero,M,291,350,3,,,True,False
khandish_chieftain,nb-exp-harad2.png,hero,XL,332,490,7,,,True,False
abrakhan_guard,nb-exp-harad2.png,infantry,M,223,350,0,,,True,False
corsair_bosun,nb-exp-harad2.png,infantry,M,318,350,0,,,True,False
turgon,px-nb-exp-silm1.png,hero,M,254,347,0,,,True,False
fingon,px-nb-exp-silm1.png,hero,M,315,350,0,,,True,False
ecthelion,px-nb-exp-silm1.png,hero,M,321,350,1,,,True,False
finrod_felagund,px-nb-exp-silm1.png,hero,M,315,350,3,,,True,False
tuor,px-nb-exp-silm1.png,hero,M,286,348,0,,,True,False
hurin_thalion,px-nb-exp-silm1.png,hero,M,304,350,0,,,True,False
maedhros,px-nb-exp-silm2.png,hero,M,247,350,1,,,True,False
celegorm,px-nb-exp-silm2.png,hero,M,250,350,4,,,True,False
thingol,px-nb-exp-silm2.png,hero,M,247,349,0,,,True,False
mablung_sindar,px-nb-exp-silm2.png,hero,M,238,350,2,,,True,False
melian,px-nb-exp-silm2.png,hero,M,244,350,5,,,True,False
mim,px-nb-exp-silm2.png,hero,S,262,315,1,,,True,False
doriath_warrior,px-nb-exp-silm3.png,infantry,M,322,350,3,,,True,False
falathrim_archer,px-nb-exp-silm3.png,infantry,M,285,350,0,,,True,False
nargothrond_ranger,px-nb-exp-silm3.png,infantry,M,295,350,0,,,True,False
edain_warrior,px-nb-exp-silm3.png,infantry,M,325,350,5,,,True,False
gondolin_guard,px-nb-exp-silm3.png,infantry,M,299,350,0,,,True,False
mirkwood_captain,px-nb-exp-silm3.png,hero,M,303,350,3,,,True,False
mordor_uruk,px-nb-exp-mordor2.png,infantry,M,315,350,9,,,True,False
morgul_orc,px-nb-exp-mordor2.png,infantry,M,299,350,3,,,True,False
morgul_rat,px-nb-exp-mordor2.png,infantry,S,275,350,3,29,12.0,True,False
ufthak,px-nb-exp-mordor2.png,hero,M,321,350,11,,,True,False
orc_sergeant,px-nb-exp-mordor2.png,hero,M,308,350,0,,,True,False
ashrak,px-nb-exp-mordor2.png,hero,M,300,350,0,,,True,False
wulf,px-nb-exp-wotr.png,hero,M,318,350,15,,,True,False
hera,px-nb-exp-wotr.png,hero,M,252,350,0,,,True,False
frealaf,px-nb-exp-wotr.png,hero,M,262,350,0,,,True,False
rohan_yeoman,px-nb-exp-wotr.png,infantry,M,287,350,0,,,True,False
serpent_guard,px-nb-exp-harad3.png,infantry,M,256,350,6,,,True,False
corsair_crossbowman,px-nb-exp-harad3.png,infantry,M,275,350,2,,,True,False
mahud_blowpipe,px-nb-exp-harad3.png,infantry,M,250,350,2,,,True,False
khandish_warrior,px-nb-exp-harad3.png,infantry,M,301,350,10,,,True,False
far_harad_chieftain,px-nb-exp-harad3.png,hero,M,270,350,0,,,True,False
arnor_archer,px-nb-exp-gondor2.png,infantry,M,271,350,0,,,True,False
duilin,px-nb-exp-gondor2.png,hero,M,256,350,0,,,True,False
derufin,px-nb-exp-gondor2.png,hero,M,292,350,0,,,True,False
hirgon,px-nb-exp-gondor2.png,hero,M,263,350,3,,,True,False
pippin_citadel,px-nb-exp-gondor2.png,hero,S,284,350,2,,,True,False
gwaihir,px-nb-exp-wild.png,hero,XL,504,489,16,,,True,False
lobelia,px-nb-exp-wild.png,hero,S,247,300,0,,,True,False
will_whitfoot,px-nb-exp-wild.png,hero,S,282,300,0,,,True,False
dwarf_shieldbearers,px-nb-exp-wild.png,support,M,299,315,4,,,True,False
iron_hills_captain,px-nb-exp-wild.png,hero,M,276,315,0,,,True,False
fingolfin_mounted,px-fix-fingolfin.png,hero,XL,324,490,7,,,True,False
pallando,,hero,L,279,359,4,,,True,False
alatar,,hero,L,307,359,10,,,True,False
annatar,,hero,L,253,359,0,,,True,False
azaghal,,hero,L,338,315,3,,,True,False
nain,,hero,L,334,315,3,,,True,False
maglor,,hero,L,266,359,8,,,True,False
gwindor,,hero,L,299,359,4,,,True,False
celebrimbor,,hero,L,318,359,4,,,True,False
daeron,,hero,L,223,359,0,,,True,False
earnur,,hero,L,301,359,15,,,True,False
sangarunya,,hero,L,295,359,0,,,True,False
huor,,hero,L,265,359,3,,,True,False
barahir,,hero,L,263,359,18,,,True,False
elendur,,hero,L,254,359,3,,,True,False
arpharazon,,hero,L,304,359,9,,,True,False
anarion,,hero,L,337,359,22,,,True,False
earendil,,hero,L,405,359,5,,,True,False
maeglin,,hero,L,392,359,4,,,True,False
eol,,hero,L,348,359,22,,,True,False
galdor,,hero,L,318,359,54,,,True,False
thrain,,hero,GS,298,314,8,,,True,False
thror,,hero,GS,299,314,3,,,True,False
golfimbul,,hero,L,358,359,3,,,True,False
eomund,,hero,XL,309,488,35,,,True,False
guthlaf,,soldier,M,258,349,15,,,True,False
ingold,,soldier,M,368,349,4,,,True,False
corsair_captain,,hero,L,308,359,12,,,True,False
butterbur,,civil,M,374,349,1,,,True,False
bill_ferny,,civil,M,310,349,0,,,True,False
mahud_raider,px-nb-roster-varied-v1.png,infantry,M,325,422,4,,,False,False
dale_warrior,px-nb-roster-varied-v2.png,infantry,M,319,352,4,,,False,False
esgaroth_archer,px-nb-roster-varied-v2.png,infantry,M,286,358,5,,,False,False
morgul_duellist,px-nb-roster-varied-v2.png,infantry,M,335,428,15,,,False,False
